"","num","treat","Transplant"
"1","SRR1640329","K","Keppel"
"2","SRR1640332","K","Keppel"
"3","SRR1640333","K","Keppel"
"4","SRR1640568","K","Keppel"
"5","SRR1640695","K","Keppel"
"6","SRR1640698","K","Keppel"
"7","SRR1640699","K","Keppel"
"8","SRR1640702","K","Keppel"
"9","SRR1640914","K","Keppel"
"10","SRR1640916","K","Keppel"
"11","SRR1640917","K","Keppel"
"12","SRR1640919","K","Keppel"
"13","SRR1640921","K","Orpheus"
"14","SRR1640923","K","Orpheus"
"15","SRR1640926","K","Orpheus"
"16","SRR1640929","K","Orpheus"
"17","SRR1640930","K","Orpheus"
"18","SRR1640931","K","Orpheus"
"19","SRR1640932","K","Orpheus"
"20","SRR1640933","K","Orpheus"
"21","SRR1640939","K","Orpheus"
"22","SRR1640942","K","Orpheus"
"23","SRR1640945","K","Orpheus"
"24","SRR1640947","K","Orpheus"
"25","SRR1640948","K","Orpheus"
"26","SRR1640949","K","Orpheus"
"27","SRR1640950","K","Orpheus"
"28","SRR1640951","O","Keppel"
"29","SRR1640952","O","Keppel"
"30","SRR1640953","O","Keppel"
"31","SRR1640954","O","Keppel"
"32","SRR1640955","O","Keppel"
"33","SRR1640956","O","Keppel"
"34","SRR1640957","O","Keppel"
"35","SRR1640958","O","Keppel"
"36","SRR1640959","O","Keppel"
"37","SRR1640960","O","Keppel"
"38","SRR1640961","O","Keppel"
"39","SRR1640962","O","Keppel"
"40","SRR1640964","O","Keppel"
"41","SRR1640965","O","Keppel"
"42","SRR1640966","O","Orpheus"
"43","SRR1640967","O","Orpheus"
"44","SRR1640968","O","Orpheus"
"45","SRR1640969","O","Orpheus"
"46","SRR1640970","O","Orpheus"
"47","SRR1640971","O","Orpheus"
"48","SRR1640973","O","Orpheus"
"49","SRR1640975","O","Orpheus"
"50","SRR1640978","O","Orpheus"
"51","SRR1640981","O","Orpheus"
"52","SRR1640985","O","Orpheus"
"53","SRR1640988","O","Orpheus"
"54","SRR1640990","O","Orpheus"
"55","SRR1640993","O","Orpheus"
